date,startPrice,lowPrice,highPrice,endPrice
20130102,97.6,97.1,99.9,99.6
20130103,100.5,100.0,102.0,101.0
20130104,100.5,100.0,101.5,101.5
20130107,101.0,99.1,101.0,100.5
20130108,99.6,98.9,100.0,99.7
20130109,100.5,99.2,100.5,100.0
20130110,99.9,99.5,101.0,101.0
20130111,101.5,100.5,101.5,101.0
20130114,101.0,100.0,102.0,102.0
20130115,102.0,99.8,102.0,100.5
20130116,100.5,99.2,100.5,99.2
20130117,100.5,98.5,101.0,99.3
20130118,101.5,100.5,101.5,101.5
20130121,101.0,100.0,101.0,100.5
20130122,101.0,99.9,101.0,101.0
20130123,101.5,100.0,101.5,101.0
20130124,100.0,99.2,100.5,99.9
20130125,99.9,98.0,99.9,99.0
20130128,98.7,98.6,99.5,99.3
20130129,100.0,99.7,101.5,101.0
20130130,102.0,100.5,102.0,101.5
20130131,100.5,100.0,101.5,101.5
20130201,101.5,100.5,101.5,101.5
20130204,102.0,102.0,103.0,103.0
20130205,103.0,101.5,103.0,103.0
20130206,103.5,103.0,105.0,105.0
20130218,107.0,106.5,108.5,107.0
20130219,108.5,106.5,108.5,107.0
20130220,108.5,108.0,109.5,109.0
20130221,108.5,107.0,108.5,107.0
20130222,106.0,105.0,106.5,105.5
20130223,106.5,106.0,107.5,107.0
20130225,106.5,105.0,107.0,105.0
20130226,103.5,102.5,105.0,103.5
20130227,102.0,101.0,104.5,104.5
20130301,103.0,102.5,105.0,105.0
20130304,104.5,101.5,104.5,102.0
20130305,103.5,102.5,104.0,104.0
20130306,104.0,103.0,104.5,104.0
20130307,103.5,103.0,104.0,103.0
20130308,103.0,102.0,104.5,103.5
20130311,102.0,102.0,104.0,102.0
20130312,102.0,101.5,103.0,102.5
20130313,102.5,102.0,105.0,104.5
20130314,104.0,103.0,104.5,104.0
20130315,105.0,103.0,105.0,103.0
20130318,102.0,100.5,102.0,100.5
20130319,101.0,99.6,101.5,100.0
20130320,99.5,98.8,99.5,98.8
20130321,98.8,98.7,100.5,98.7
20130322,98.6,98.0,99.1,98.0
20130325,99.9,99.2,100.5,99.5
20130326,99.2,98.8,99.4,99.0
20130327,99.0,98.8,100.5,100.5
20130328,100.0,99.3,100.5,100.0
20130329,100.0,99.8,101.0,100.5
20130401,101.0,100.5,102.0,101.0
20130402,100.5,99.8,101.0,100.5
20130403,101.5,100.0,101.5,100.5
20130408,99.0,98.5,99.5,98.5
20130409,98.0,97.5,98.5,97.5
20130410,98.8,97.7,98.8,98.3
20130411,99.0,98.8,101.5,101.5
20130412,101.5,100.0,101.5,100.5
20130415,100.5,99.1,101.0,99.4
20130416,98.2,98.2,101.0,100.5
20130417,101.5,99.7,101.5,100.0
20130418,100.0,99.4,101.0,99.9
20130419,105.5,105.5,106.5,106.5
20130422,108.5,107.5,109.5,108.5
20130423,106.5,105.5,107.5,106.0
20130424,106.5,104.5,107.0,106.0
20130425,106.0,105.5,107.0,107.0
20130426,107.0,107.0,109.0,108.5
20130429,108.5,107.5,108.5,108.0
20130430,108.5,108.5,109.5,109.5
20130502,110.0,109.0,111.0,110.5
20130503,111.5,110.0,112.5,110.0
20130506,111.5,110.5,111.5,111.5
20130507,112.0,111.0,113.0,112.5
20130508,112.5,112.5,115.0,114.5
20130509,116.0,114.5,116.0,115.0
20130510,115.0,113.5,115.0,114.5
20130513,115.0,114.0,115.5,114.5
20130514,115.5,115.0,116.5,115.5
20130515,115.0,113.5,116.0,115.0
20130516,115.0,113.0,116.0,113.5
20130517,112.0,111.5,113.5,113.5
20130520,112.5,112.5,114.0,114.0
20130521,113.0,112.0,113.5,112.5
20130522,112.5,111.0,113.5,112.0
20130523,110.5,108.0,111.5,108.0
20130524,109.5,108.5,110.5,109.5
20130527,109.5,109.5,112.0,112.0
20130528,112.0,109.5,112.5,109.5
20130529,110.5,110.5,112.0,111.0
20130530,111.0,109.5,111.5,110.0
20130531,111.5,109.0,111.5,109.5
20130603,108.0,106.5,108.5,107.5
20130604,109.0,107.5,110.0,109.0
20130605,109.5,108.5,110.5,109.5
20130606,108.5,107.0,109.5,107.5
20130607,108.0,108.0,109.5,108.5
20130610,110.0,108.0,110.0,108.5
20130611,110.0,108.0,110.0,108.0
20130613,106.0,104.0,107.0,104.5
20130614,105.0,104.5,106.0,106.0
20130617,105.5,105.0,106.0,106.0
20130618,105.0,104.5,106.5,106.5
20130619,106.0,105.0,106.5,105.5
20130620,105.0,103.5,105.5,104.0
20130621,102.0,101.5,103.5,103.5
20130624,102.5,100.0,102.5,101.0
20130625,101.0,101.0,103.0,101.0
20130626,103.0,101.5,104.0,101.5
20130627,103.0,103.0,105.0,104.5
20130628,106.0,105.0,111.0,111.0
20130701,109.0,108.0,109.5,108.0
20130702,109.0,108.5,110.0,110.0
20130703,107.0,105.5,107.0,107.0
20130704,106.5,106.0,107.0,107.0
20130705,107.5,107.0,109.5,109.0
20130708,107.0,104.5,108.0,105.0
20130709,104.5,103.5,106.5,106.0
20130710,104.5,104.5,107.0,106.0
20130711,107.5,107.5,109.5,109.5
20130712,109.5,108.5,110.0,110.0
20130715,108.5,108.0,109.5,109.5
20130716,108.5,107.0,109.0,108.0
20130717,108.0,107.0,109.0,109.0
20130718,107.5,105.5,108.0,105.5
20130719,99.4,98.2,99.7,98.2
20130722,98.0,96.9,98.4,97.0
20130723,98.5,98.5,101.5,100.0
20130724,100.5,100.0,103.0,102.0
20130725,102.0,101.0,103.5,102.5
20130726,103.0,101.0,103.0,102.5
20130729,100.0,100.0,101.5,100.0
20130730,100.5,100.5,102.5,102.0
20130731,101.5,101.0,103.0,102.5
20130801,102.0,100.0,102.0,100.5
20130802,102.5,100.0,103.0,100.5
20130805,100.0,99.9,101.5,100.5
20130806,100.5,98.6,100.5,98.8
20130807,98.5,97.0,98.5,97.0
20130808,96.0,95.3,97.1,96.4
20130809,100.0,96.4,100.0,96.4
20130812,96.4,95.6,96.7,96.0
20130813,96.0,96.0,97.4,97.2
20130814,96.0,95.8,97.3,96.8
20130815,96.4,95.3,96.4,96.0
20130816,95.4,95.2,97.5,96.5
20130819,95.5,95.3,96.1,95.5
20130820,95.2,94.4,95.4,94.4
20130822,93.0,92.9,94.9,94.5
20130823,95.7,95.5,97.3,97.0
20130826,97.6,96.1,97.6,96.8
20130827,96.0,95.6,96.8,95.6
20130828,95.6,95.1,97.3,96.8
20130829,96.9,96.9,98.9,98.7
20130830,99.6,98.8,100.5,100.5
20130902,100.0,99.6,102.0,102.0
20130903,103.0,101.5,103.0,102.0
20130904,100.5,100.0,101.5,100.5
20130905,100.5,100.0,101.5,101.5
20130906,102.0,101.0,102.0,102.0
20130909,102.5,101.0,103.0,103.0
20130910,103.0,102.5,104.5,104.5
20130911,103.0,102.5,104.5,104.5
20130912,103.0,103.0,104.5,103.5
20130913,102.5,102.0,103.0,102.5
20130914,102.5,102.0,103.5,102.5
20130916,104.0,104.0,105.5,105.5
20130917,105.5,104.5,105.5,105.5
20130918,105.0,103.0,105.5,103.0
20130923,103.0,102.5,106.0,105.5
20130924,105.0,104.0,105.5,105.0
20130925,104.5,103.0,104.5,103.0
20130926,103.5,101.5,103.5,101.5
20130927,103.5,102.0,103.5,103.0
20130930,100.5,100.0,102.0,100.5
20131001,100.5,100.5,102.5,101.5
20131002,103.5,102.0,103.5,103.0
20131003,103.5,103.0,106.0,105.0
20131004,104.5,103.5,105.0,104.0
20131007,103.5,102.0,104.0,103.0
20131008,103.5,103.0,105.5,105.0
20131009,104.0,103.0,105.5,105.0
20131011,105.0,105.0,107.5,106.5
20131014,106.5,105.0,106.5,105.0
20131015,106.5,106.0,107.0,107.0
20131016,108.0,106.0,108.0,106.0
20131017,107.5,107.0,108.0,107.0
20131018,108.5,108.5,110.0,110.0
20131021,111.0,109.5,111.5,110.0
20131022,110.0,109.5,111.5,111.5
20131023,111.0,110.0,111.5,111.0
20131024,109.0,108.5,110.0,110.0
20131025,108.5,106.5,109.0,107.0
20131028,108.0,107.5,109.5,109.5
20131029,108.5,108.0,109.5,109.5
20131030,109.0,109.0,110.0,110.0
20131031,108.5,108.0,109.5,109.5
20131101,110.5,108.5,110.5,109.5
20131104,108.0,108.0,109.0,109.0
20131105,108.5,106.5,109.0,106.5
20131106,106.5,106.5,107.5,107.0
20131107,107.0,106.0,107.5,107.0
20131108,105.0,105.0,106.5,106.0
20131111,105.0,104.5,106.0,104.5
20131112,106.0,104.5,106.0,105.0
20131113,105.0,103.0,105.0,103.0
20131114,104.0,103.5,104.5,103.5
20131115,103.5,103.5,104.5,104.0
20131118,104.5,104.0,105.0,104.0
20131119,104.5,104.0,105.5,105.0
20131120,104.0,102.5,104.0,103.0
20131121,102.0,100.5,103.0,101.0
20131122,100.0,100.0,101.5,100.0
20131125,101.0,101.0,102.5,101.0
20131126,102.0,101.5,105.0,103.5
20131127,105.0,104.5,105.5,105.0
20131128,105.0,104.5,105.5,105.0
20131129,104.5,104.0,105.0,105.0
20131202,105.0,104.0,105.5,104.5
20131203,104.0,103.5,105.0,104.0
20131204,103.5,103.5,105.5,105.0
20131205,105.0,103.5,105.0,104.0
20131206,103.0,103.0,104.5,103.0
20131209,104.0,104.0,105.0,105.0
20131210,104.5,104.0,105.0,104.0
20131211,103.5,103.5,105.0,105.0
20131212,104.5,103.0,104.5,103.0
20131213,102.5,102.5,103.5,102.5
20131216,102.5,102.0,103.0,102.0
20131217,103.0,103.0,104.5,103.5
20131218,102.5,101.0,103.0,101.0
20131219,102.0,101.5,103.0,102.5
20131220,101.5,101.5,103.5,102.0
20131223,103.0,103.0,104.5,104.0
20131224,104.0,103.0,104.0,103.0
20131225,102.5,102.5,103.5,103.0
20131226,103.0,103.0,104.0,104.0
20131227,103.5,103.0,104.5,104.5
20131230,104.0,104.0,106.0,106.0
20131231,105.5,105.0,106.0,105.5
20140102,105.0,103.5,105.5,104.5
20140103,103.0,102.0,103.0,102.5
20140106,102.0,102.0,103.0,102.5
20140107,102.5,102.0,103.0,102.0
20140108,103.0,102.5,104.5,104.0
20140109,102.5,100.5,103.0,101.0
20140110,102.0,101.5,102.5,102.0
20140113,103.0,102.5,103.5,103.0
20140114,102.5,102.0,103.5,103.5
20140115,104.0,104.0,106.0,105.0
20140116,106.0,106.0,107.5,107.0
20140117,108.0,107.0,108.5,107.5
20140120,107.0,107.0,108.5,107.5
20140121,108.5,106.0,108.5,106.5
20140122,106.0,106.0,107.5,107.5
20140123,108.5,107.5,108.5,107.5
20140124,107.0,107.0,108.5,108.0
20140127,106.0,104.0,106.5,105.0
20140205,102.0,100.5,102.0,100.5
20140206,101.0,101.0,103.0,102.0
20140207,103.5,103.0,104.5,104.0
20140210,104.0,103.0,104.5,103.0
20140211,104.5,104.0,105.0,104.5
20140212,105.0,104.5,105.5,105.0
20140213,105.0,105.0,106.0,105.0
20140214,106.5,106.5,107.5,107.5
20140217,108.0,107.5,108.5,108.5
20140218,108.5,107.5,108.5,108.0
20140219,108.0,107.0,108.0,108.0
20140220,106.5,106.0,107.0,106.5
20140221,107.0,107.0,107.5,107.5
20140224,107.5,106.0,108.0,107.0
20140225,107.5,106.5,108.0,108.0
20140226,107.5,107.0,108.0,107.5
20140227,107.5,107.5,108.0,108.0
20140303,108.0,106.5,108.0,108.0
20140304,108.0,107.5,108.0,107.5
20140305,108.5,108.5,110.0,110.0
20140306,110.0,110.0,113.5,113.0
20140307,114.0,113.5,115.0,114.5
20140310,114.5,112.5,114.5,113.0
20140311,113.5,113.5,114.5,114.0
20140312,112.5,112.0,113.0,113.0
20140313,116.5,115.5,117.5,116.5
20140314,115.0,114.0,115.5,115.0
20140317,114.5,113.0,115.0,114.0
20140318,114.5,113.5,115.0,114.5
20140319,114.5,113.5,115.0,114.5
20140320,113.0,112.0,113.5,112.0
20140321,114.0,112.0,114.0,112.5
20140324,111.5,111.5,112.5,112.5
20140325,111.5,111.5,113.5,113.5
20140326,115.5,114.5,116.0,115.5
20140327,114.5,114.0,116.0,116.0
20140328,116.0,115.5,117.5,117.5
20140331,118.0,116.5,118.5,118.5
20140401,119.0,118.5,119.5,119.5
20140402,120.5,119.0,121.0,120.0
20140403,118.5,117.5,119.0,118.5
20140407,117.5,116.5,118.0,117.5
20140408,117.0,117.0,119.5,119.0
20140409,119.5,119.0,120.0,119.0
20140410,119.0,118.5,119.5,119.5
20140411,118.5,118.0,120.0,120.0
20140414,120.0,120.0,121.0,120.5
20140415,121.5,121.0,122.5,122.5
20140416,121.5,121.0,122.5,121.0
20140417,120.5,119.0,121.5,120.0
20140418,122.5,121.0,123.0,123.0
20140421,122.0,121.0,122.0,121.5
20140422,121.0,120.5,122.5,121.5
20140423,123.0,120.5,123.0,121.0
20140424,121.0,120.0,121.0,121.0
20140425,121.0,118.0,121.0,118.5
20140428,118.5,117.5,120.0,119.0
20140429,120.5,119.0,121.0,120.5
20140430,120.0,117.0,120.5,118.5
20140502,119.0,117.0,119.5,118.0
20140505,117.5,116.0,118.0,117.0
20140506,117.0,116.5,119.0,118.0
20140507,118.0,117.5,119.0,118.5
20140508,119.5,119.0,120.0,119.5
20140509,120.0,119.0,120.0,120.0
20140512,119.5,117.5,120.0,118.5
20140513,120.0,119.5,121.0,120.5
20140514,121.0,120.5,122.0,122.0
20140515,121.0,120.5,122.0,122.0
20140516,122.0,121.0,123.0,122.0
20140519,122.0,121.0,122.5,121.0
20140520,122.0,121.0,122.0,121.0
20140521,122.0,120.5,122.0,120.5
20140522,121.5,121.0,122.0,122.0
20140523,121.0,121.0,122.5,122.0
20140526,123.0,122.0,123.5,123.0
20140527,122.5,122.5,124.0,123.5
20140528,124.0,122.5,124.0,124.0
20140529,123.5,121.5,124.0,122.0
20140530,122.0,119.5,122.5,119.5
20140603,120.0,120.0,122.5,122.5
20140604,123.5,123.0,124.0,123.5
20140605,123.0,121.5,123.5,123.0
20140606,123.5,122.0,123.5,122.5
20140609,122.5,122.5,123.5,123.0
20140610,123.0,122.5,124.5,124.5
20140611,124.0,123.5,125.0,125.0
20140612,124.0,123.0,124.0,123.5
20140613,123.0,122.5,123.5,123.0
20140616,122.5,122.5,124.0,124.0
20140617,124.0,123.0,125.0,125.0
20140618,125.0,124.0,126.5,125.5
20140619,124.5,124.5,126.0,126.0
20140620,126.5,124.0,127.0,124.5
20140623,125.0,123.0,125.5,123.0
20140624,123.0,122.0,123.5,123.0
20140625,123.0,123.0,124.5,123.5
20140626,124.5,123.5,125.0,124.5
20140627,125.0,124.0,126.5,125.5
20140630,126.0,125.0,127.0,126.5
20140701,126.5,126.0,128.5,128.0
20140702,129.5,129.0,132.5,132.5
20140703,131.5,130.5,135.0,134.5
20140704,133.5,132.0,136.0,135.0
20140707,134.5,132.5,136.0,136.0
20140708,135.5,134.0,136.0,134.5
20140709,133.5,133.5,135.0,134.0
20140710,134.5,134.5,136.0,134.5
20140711,136.0,135.5,138.0,136.5
20140714,134.5,132.5,134.5,132.5
20140715,133.0,132.5,134.0,133.0
20140716,133.0,130.0,133.5,130.5
20140717,125.0,123.0,125.5,124.5
20140718,121.5,121.5,124.0,123.5
20140721,124.0,122.5,124.5,123.5
20140722,123.5,122.5,125.0,124.5
20140724,124.5,124.0,125.0,125.0
20140725,124.5,122.5,125.0,123.0
20140728,122.0,121.0,122.5,121.5
20140729,122.5,122.0,124.0,124.0
20140730,123.5,123.0,125.0,124.5
20140731,124.0,121.0,124.0,121.0
20140801,120.0,119.5,121.0,120.0
20140804,120.0,120.0,123.5,123.5
20140805,122.5,119.5,122.5,119.5
20140806,119.0,119.0,121.5,120.5
20140807,120.5,119.5,121.5,121.5
20140808,120.5,119.5,121.0,120.5
20140811,120.0,119.5,121.0,120.5
20140812,121.0,120.5,122.0,121.5
20140813,121.0,120.5,123.5,122.5
20140814,123.5,123.0,124.0,124.0
20140815,124.5,123.0,125.0,124.0
20140818,124.0,122.5,124.0,123.0
20140819,124.0,123.5,125.0,124.0
20140820,125.0,124.5,125.5,125.5
20140821,126.0,124.0,126.0,124.5
20140822,124.5,123.5,126.0,125.5
20140825,125.5,125.0,126.0,125.0
20140826,125.0,124.0,125.5,124.5
20140827,125.5,124.5,126.0,125.5
20140828,126.0,124.5,126.0,125.0
20140829,124.5,124.0,125.0,124.0
20140901,125.0,125.0,128.5,128.5
20140902,128.0,125.5,128.0,126.0
20140903,127.0,125.5,128.0,128.0
20140904,128.0,126.0,128.0,127.5
20140905,128.5,125.5,128.5,127.0
20140909,127.5,126.5,127.5,127.0
20140910,126.0,124.0,126.0,125.0
20140911,126.0,125.0,126.0,125.0
20140912,124.5,123.0,125.0,123.0
20140915,122.5,122.0,123.5,123.5
20140916,123.0,122.0,123.0,122.5
20140917,123.5,123.0,125.0,124.5
20140918,124.5,123.5,125.0,125.0
20140919,125.5,125.0,126.0,125.0
20140922,124.0,122.0,124.0,122.0
20140923,123.0,122.0,123.5,122.5
20140924,122.0,122.0,124.0,123.0
20140925,123.0,121.5,124.0,122.0
20140926,121.0,120.5,121.5,121.0
20140929,122.0,120.0,122.0,120.5
20140930,120.0,119.0,121.0,120.0
20141001,120.0,120.0,122.0,121.5
20141002,121.0,120.5,122.5,121.0
20141003,122.5,122.0,125.0,124.5
20141006,125.0,124.0,126.0,126.0
20141007,125.0,123.5,125.5,125.0
20141008,123.5,122.5,125.0,122.5
20141009,124.0,123.5,125.0,125.0
20141013,119.0,118.0,121.5,120.5
20141014,120.0,119.5,121.5,121.0
20141015,121.5,121.0,123.0,121.5
20141016,121.5,120.0,124.0,121.5
20141017,125.0,123.5,125.5,123.5
20141020,125.0,124.5,126.0,126.0
20141021,126.0,124.5,126.0,125.0
20141022,127.5,127.5,129.0,129.0
20141023,128.0,127.5,128.5,127.5
20141024,127.0,125.0,127.5,125.5
20141027,126.5,126.5,128.0,128.0
20141028,129.0,127.5,129.5,128.0
20141029,129.0,128.0,129.5,129.0
20141030,128.5,127.0,129.0,128.5
20141031,128.0,127.5,130.5,130.5
20141103,132.0,130.5,132.5,131.0
20141104,132.0,131.0,132.0,132.0
20141105,131.5,131.0,132.0,132.0
20141106,132.5,131.5,132.5,132.0
20141107,131.5,130.5,131.5,131.0
20141110,132.5,132.0,134.5,134.5
20141111,135.0,133.0,135.0,134.0
20141112,134.5,131.5,134.5,132.0
20141113,133.5,132.5,134.5,134.0
20141114,134.0,133.5,135.0,135.0
20141117,135.0,132.5,135.5,133.0
20141118,134.0,131.0,134.5,131.5
20141119,133.0,132.5,136.5,136.0
20141120,137.5,137.0,139.0,139.0
20141121,139.5,137.5,139.5,138.5
20141124,140.0,138.0,140.5,138.5
20141125,138.5,138.5,140.0,139.0
20141126,138.5,138.0,139.0,139.0
20141127,140.0,140.0,142.0,140.0
20141128,139.0,139.0,141.5,141.5
20141201,139.0,138.5,142.0,140.0
20141202,139.5,137.5,139.5,137.5
20141203,137.5,136.5,139.0,138.0
20141204,139.0,138.5,140.0,139.0
20141205,138.5,137.0,139.5,137.5
20141208,138.0,137.0,138.5,138.0
20141209,138.0,137.5,139.0,138.0
20141210,138.0,136.0,139.0,136.0
20141211,135.0,134.5,136.0,134.5
20141212,135.0,134.5,136.0,135.0
20141215,134.5,134.5,136.5,136.0
20141216,134.5,133.0,135.5,133.0
20141217,133.0,130.0,133.0,130.5
20141218,132.0,131.0,133.0,131.5
20141219,134.5,134.0,138.0,138.0
20141222,137.5,137.0,140.0,138.5
20141223,139.0,137.0,140.0,137.5
20141224,136.0,136.0,138.0,138.0
20141225,137.0,137.0,138.0,137.5
20141226,138.0,137.0,139.0,139.0
20141227,139.0,137.5,139.0,138.5
20141229,138.0,138.0,141.0,141.0
20141230,141.0,139.0,141.5,140.0
20141231,139.0,139.0,141.0,141.0
20150105,140.5,137.5,140.5,139.5
20150106,137.5,133.0,137.5,133.5
20150107,133.5,133.5,135.0,134.0
20150108,136.5,136.0,138.0,138.0
20150109,135.0,133.0,135.5,134.0
20150112,132.5,132.0,133.5,132.0
20150113,131.0,130.5,133.0,132.5
20150114,132.5,130.0,133.0,130.0
20150115,131.5,131.5,133.0,131.5
20150116,140.0,136.0,140.0,137.0
20150119,138.5,137.5,139.5,139.0
20150120,139.0,137.5,139.0,138.0
20150121,139.5,139.5,141.0,141.0
20150122,141.5,139.5,142.0,140.0
20150123,142.5,142.5,145.0,145.0
20150126,145.5,143.5,145.5,145.0
20150127,145.5,144.5,147.0,147.0
20150128,146.5,145.5,147.0,146.5
20150129,144.0,143.0,145.0,143.5
20150130,145.0,141.0,145.5,141.0
20150202,140.5,140.5,143.0,142.5
20150203,143.0,142.0,144.5,144.5
20150204,144.5,144.0,146.5,146.0
20150205,145.5,143.5,146.0,145.5
20150206,145.5,143.0,145.5,143.0
20150209,143.0,141.5,143.5,142.0
20150210,142.0,141.5,143.0,142.5
20150211,146.0,146.0,149.0,148.0
20150212,149.5,147.5,149.5,148.5
20150213,148.5,148.0,150.0,148.5
20150224,149.0,148.5,152.0,151.0
20150225,152.5,152.5,154.5,154.5
20150226,153.5,150.5,154.0,150.5
20150302,151.5,148.5,153.0,149.0
20150303,150.0,148.5,151.0,150.5
20150304,150.0,149.0,151.5,150.5
20150305,150.0,148.5,151.0,150.0
20150306,149.0,148.5,149.5,149.0
20150309,147.5,145.0,147.5,145.5
20150310,145.0,144.0,145.0,144.0
20150311,143.5,143.0,148.0,146.0
20150312,147.0,146.5,148.5,148.0
20150313,148.0,147.0,149.5,149.0
20150316,149.0,146.0,149.5,146.0
20150317,148.5,148.5,150.0,149.0
20150318,151.0,150.0,154.0,153.5
20150319,152.5,152.5,155.0,154.0
20150320,151.5,151.5,154.0,154.0
20150323,154.0,152.5,154.0,153.5
20150324,153.5,151.5,153.5,151.5
20150325,152.0,150.5,152.5,151.0
20150326,145.5,144.5,147.0,145.5
20150327,144.0,142.5,145.5,142.5
20150330,142.5,142.0,144.0,142.5
20150331,144.0,143.0,145.5,145.5
20150401,145.0,143.5,145.0,144.0
20150402,145.0,144.5,148.0,147.0
20150407,146.5,145.0,147.5,146.0
20150408,145.5,143.0,146.0,143.0
20150409,144.0,143.0,145.5,143.0
20150410,146.0,145.0,147.0,147.0
20150413,146.5,146.0,147.5,147.0
20150414,145.0,143.5,145.5,144.0
20150415,143.5,141.5,144.5,143.0
20150416,145.0,144.5,147.0,147.0
20150417,143.0,142.5,144.0,142.5
20150420,142.0,141.5,144.0,143.0
20150421,142.0,141.5,143.5,142.5
20150422,143.5,143.0,145.0,143.5
20150423,145.5,145.0,147.0,147.0
20150424,149.0,148.5,152.5,152.5
20150427,153.0,150.0,153.0,151.5
20150428,153.5,150.5,153.5,151.5
20150429,150.0,148.0,151.0,148.5
20150430,147.0,146.5,148.5,147.0
20150504,148.5,146.0,148.5,147.5
20150505,147.5,146.0,148.0,147.0
20150506,145.5,145.5,148.0,147.5
20150507,146.0,146.0,147.5,146.5
20150508,146.0,146.0,147.5,146.5
20150511,149.0,147.0,149.0,148.5
20150512,147.0,147.0,148.5,147.5
20150513,147.5,147.0,149.0,148.0
20150514,148.0,146.0,148.5,146.0
20150515,147.0,145.0,147.0,146.5
20150518,147.0,145.0,147.0,146.5
20150519,145.5,145.0,147.5,146.5
20150520,146.5,146.0,147.0,146.5
20150521,146.0,144.5,146.5,145.5
20150522,146.0,145.0,147.0,145.5
20150525,146.5,145.5,147.5,147.5
20150526,148.5,146.5,148.5,146.5
20150527,145.5,145.0,147.0,145.0
20150528,147.0,146.0,147.5,147.0
20150529,147.0,145.5,147.5,146.0
20150601,145.5,144.0,146.0,145.0
20150602,144.5,143.5,144.5,144.0
20150603,143.5,143.0,144.5,143.0
20150604,142.0,140.0,142.5,141.0
20150605,139.5,139.0,140.5,140.0
20150608,139.5,138.5,140.0,138.5
20150609,138.5,138.0,140.0,139.0
20150610,141.0,139.5,141.5,139.5
20150611,141.0,141.0,144.0,143.5
20150612,144.0,142.5,144.5,144.5
20150615,144.5,142.5,144.5,143.0
20150616,143.0,141.0,143.0,142.0
20150617,143.0,142.0,143.5,142.5
20150618,142.0,142.0,143.0,142.0
20150622,142.0,142.0,143.5,142.0
20150623,143.0,142.5,145.0,144.5
20150624,144.5,143.5,145.0,145.0
20150625,145.0,145.0,147.0,146.5
20150626,147.0,145.5,147.5,146.0
20150629,140.5,138.5,141.0,138.5
20150630,139.0,138.5,140.5,140.5
20150701,140.0,139.0,142.5,141.0
20150702,140.5,140.5,142.0,141.5
20150703,141.5,140.0,142.5,142.5
20150706,141.0,140.5,141.5,140.5
20150707,141.0,140.5,142.0,140.5
20150708,140.5,138.0,141.0,138.0
20150709,134.0,134.0,138.0,136.5
20150713,137.0,137.0,139.5,138.5
20150714,139.5,138.0,140.5,138.5
20150715,139.0,138.0,139.5,138.5
20150716,140.0,135.5,140.0,136.5
20150717,138.0,138.0,140.0,140.0
20150720,141.5,138.5,142.0,139.0
20150721,141.0,139.5,141.5,140.5
20150722,139.0,138.0,139.5,139.0
20150723,137.0,136.0,137.5,136.0
20150724,138.0,136.0,138.0,137.0
20150727,135.0,134.0,135.5,134.0
20150728,135.0,134.0,136.5,134.0
20150729,135.0,134.5,136.0,135.5
20150730,136.0,136.0,139.0,138.5
20150731,140.5,137.5,140.5,139.5
20150803,138.5,134.5,138.5,134.5
20150804,135.0,134.5,136.5,136.5
20150805,135.5,134.0,135.5,134.0
20150806,136.0,132.0,136.0,134.0
20150807,133.0,131.5,133.5,133.0
20150810,131.0,125.5,131.0,129.0
20150811,133.5,130.5,133.5,130.5
20150812,129.5,127.5,130.0,128.5
20150813,129.0,127.5,130.0,128.0
20150814,128.0,125.0,128.5,126.0
20150817,125.5,123.0,125.5,124.0
20150818,125.0,125.0,126.5,126.0
20150819,127.5,124.0,127.5,125.0
20150820,124.5,123.5,126.0,126.0
20150821,123.0,121.0,124.5,121.0
20150824,120.0,112.5,121.0,115.0
20150825,118.0,117.5,124.0,123.5
20150826,121.0,119.5,124.5,122.5
20150827,125.0,122.0,125.0,124.0
20150828,127.0,124.5,127.0,125.0
20150831,126.0,123.5,129.0,129.0
20150901,127.5,124.0,127.5,124.0
20150902,123.0,123.0,127.0,125.5
20150903,127.5,125.0,127.5,127.0
20150904,126.5,123.5,127.0,125.0
20150907,124.5,122.0,126.0,122.5
20150908,122.5,122.0,123.5,123.0
20150909,126.5,126.5,129.0,129.0
20150910,127.0,125.0,128.0,125.0
20150911,125.5,124.0,127.5,127.5
20150914,128.0,126.0,129.0,127.5
20150915,127.5,125.5,128.0,126.0
20150916,128.0,127.5,130.0,129.5
20150917,130.5,130.0,131.5,131.0
20150918,129.5,129.0,131.5,131.5
20150921,130.0,128.5,130.0,129.5
20150922,130.0,128.5,130.0,129.0
20150923,127.0,124.5,127.5,124.5
20150924,127.0,125.5,128.0,127.0
20150925,127.0,125.0,127.5,127.0
20150930,128.0,127.0,131.0,130.0
20151001,131.0,129.5,134.0,133.5
20151002,132.5,131.5,132.5,132.0
20151005,133.0,131.5,133.5,132.5
20151006,135.0,132.5,135.5,133.0
20151007,133.5,133.0,135.0,135.0
20151008,137.0,135.0,137.0,136.0
20151012,137.0,136.5,139.0,138.5
20151013,138.5,136.0,138.5,137.5
20151014,136.5,136.0,137.5,136.5
20151015,139.0,139.0,141.0,140.0
20151016,137.0,136.0,137.5,137.5
20151019,138.5,137.0,139.0,138.0
20151020,139.0,137.5,139.0,139.0
20151021,139.5,137.5,140.0,138.5
20151022,138.0,137.0,138.5,137.5
20151023,140.0,139.0,140.5,140.0
20151026,140.5,139.0,140.5,140.0
20151027,138.5,137.5,140.0,139.0
20151028,137.0,137.0,139.0,138.0
20151029,139.0,136.5,139.5,136.5
20151030,137.0,136.0,137.5,136.5
20151102,138.5,135.5,138.5,137.5
20151103,138.5,138.0,140.0,139.5
20151104,141.5,141.0,144.5,144.5
20151105,144.0,142.5,144.5,142.5
20151106,144.0,139.0,144.0,140.0
20151109,141.0,140.5,143.0,142.0
20151110,141.5,139.0,141.5,139.5
20151111,140.5,136.5,140.5,137.5
20151112,138.5,138.0,139.0,138.5
20151113,137.5,136.0,139.0,136.0
20151116,134.0,134.0,135.5,135.0
20151117,138.0,137.5,140.0,138.5
20151118,139.5,136.5,140.0,137.0
20151119,138.5,138.0,140.5,140.5
20151120,140.5,140.0,141.0,141.0
20151123,141.0,140.0,141.5,141.0
20151124,140.0,139.5,141.5,139.5
20151125,139.5,138.5,141.0,141.0
20151126,141.0,140.0,142.5,142.5
20151127,143.0,139.0,143.0,139.0
20151130,136.5,136.0,139.0,139.0
20151201,140.5,138.5,142.5,142.5
20151202,144.0,142.0,144.0,142.5
20151203,141.5,141.5,143.0,142.5
20151204,141.0,140.5,142.5,140.5
20151207,142.0,142.0,144.5,143.5
20151208,143.5,141.0,144.0,142.5
20151209,142.0,140.5,142.0,140.5
20151210,140.5,139.0,141.5,141.0
20151211,141.0,139.0,142.0,139.5
20151214,137.5,137.5,139.5,139.0
20151215,139.5,138.0,140.5,138.0
20151216,142.0,141.0,144.0,143.5
20151217,144.5,143.0,145.0,145.0
20151218,143.0,142.0,145.0,142.0
20151221,141.5,140.5,142.5,141.5
20151222,141.0,140.5,142.0,142.0
20151223,141.0,140.5,143.0,141.5
20151224,143.0,142.0,143.5,142.0
20151225,142.0,142.0,143.5,143.0
20151228,143.5,143.0,144.0,143.5
20151229,143.5,141.5,144.0,142.0
20151230,142.5,142.0,144.0,142.5
20151231,142.0,141.0,144.0,143.0
20160104,142.5,139.0,143.5,139.5
20160105,139.0,137.0,140.0,138.0
20160106,138.0,135.0,138.0,135.5
20160107,134.5,130.5,135.0,133.0
20160108,132.0,132.0,135.0,134.0
20160111,133.0,130.5,134.5,133.0
20160112,133.0,131.5,134.0,133.0
20160113,133.5,133.0,135.5,133.5
20160114,130.5,130.5,132.0,131.5
20160115,137.5,135.5,138.0,137.0
20160118,135.0,134.5,138.0,137.0
20160119,137.5,136.0,138.0,138.0
20160120,137.5,133.5,137.5,134.5
20160121,134.0,134.0,136.5,135.0
20160122,136.5,136.0,138.5,138.5
20160125,140.0,139.0,140.0,139.5
20160126,137.5,137.0,139.0,137.5
20160127,139.0,138.5,139.5,139.5
20160128,138.0,138.0,140.5,140.0
20160129,138.5,138.0,143.0,143.0
20160130,142.5,141.0,143.0,142.0
20160201,144.0,141.5,144.0,144.0
20160202,144.0,141.5,144.5,142.5
20160203,145.0,144.5,146.0,146.0
20160215,142.0,142.0,146.5,145.0
20160216,146.0,145.5,148.0,147.5
20160217,149.0,147.0,149.0,148.0
20160218,150.0,149.5,151.0,151.0
20160219,149.0,149.0,151.0,151.0
20160222,149.5,149.5,152.5,151.0
20160223,150.5,149.0,151.0,149.5
20160224,149.5,147.0,150.5,148.0
20160225,149.0,148.5,151.0,150.5
20160226,151.0,148.0,151.5,149.0
20160301,148.5,148.5,152.0,152.0
20160302,154.0,153.0,154.5,153.0
20160303,154.0,153.0,154.5,154.0
20160304,153.0,151.5,153.5,152.5
20160307,152.5,151.0,153.5,152.0
20160308,151.0,149.5,152.0,152.0
20160309,152.0,150.5,153.0,153.0
20160310,153.0,151.5,154.5,154.5
20160311,154.5,153.0,155.0,155.0
20160314,156.5,155.5,157.5,156.0
20160315,155.0,153.0,156.5,154.5
20160316,155.5,154.0,156.0,156.0
20160317,159.5,157.5,160.0,158.5
20160318,158.5,158.5,159.5,159.5
20160321,160.0,158.0,160.0,160.0
20160322,159.5,157.0,159.5,158.5
20160323,158.5,158.0,159.5,159.5
20160324,158.0,157.0,159.0,158.5
20160325,158.5,157.0,159.0,158.0
20160328,158.0,157.0,159.0,159.0
20160329,158.5,158.0,159.5,159.0
20160330,158.5,158.5,162.0,161.5
20160331,162.0,159.0,163.0,162.0
20160401,161.0,157.5,161.0,158.5
20160406,155.5,153.5,156.0,153.5
20160407,155.0,152.5,155.0,154.5
20160408,154.0,154.0,158.0,157.5
20160411,156.0,155.5,159.0,158.5
20160412,157.5,157.5,159.5,158.5
20160413,160.0,159.5,162.0,161.5
20160414,162.0,160.0,162.5,161.5
20160415,157.0,156.0,160.0,159.5
20160418,158.0,157.5,158.5,158.0
20160419,160.0,157.0,161.0,157.5
20160420,157.5,154.0,158.0,154.0
20160421,156.0,154.0,157.0,157.0
20160422,155.5,155.0,158.0,156.5
20160425,156.5,156.0,157.5,157.5
20160426,156.5,156.5,158.5,158.0
20160427,156.0,155.5,157.5,156.5
20160428,157.5,153.0,158.0,153.0
20160429,151.0,149.0,151.0,150.0
20160503,148.0,146.5,148.5,147.5
20160504,147.0,146.5,149.0,147.0
20160505,147.5,146.0,148.5,147.5
20160506,148.5,147.0,148.5,148.0
20160509,148.5,146.5,149.0,147.5
20160510,147.0,146.5,148.0,147.0
20160511,148.5,146.5,149.0,147.0
20160512,147.0,146.0,148.0,146.0
20160513,145.0,143.0,145.5,144.0
20160516,143.0,143.0,145.5,144.5
20160517,145.5,145.0,147.0,147.0
20160518,146.0,145.0,147.0,147.0
20160519,148.0,145.5,148.5,147.0
20160520,147.5,147.0,149.5,148.5
20160523,150.5,149.5,154.5,154.0
20160524,152.5,151.0,153.5,151.0
20160525,153.5,152.5,155.0,154.5
20160526,154.5,153.5,155.0,155.0
20160527,156.0,154.5,156.5,156.5
20160530,157.0,155.0,158.0,157.0
20160531,156.5,155.0,157.5,156.5
20160601,156.0,156.0,159.0,159.0
20160602,159.0,158.0,160.0,159.0
20160603,159.0,159.0,160.5,160.5
20160604,160.0,159.5,160.0,160.0
20160606,161.0,160.0,162.0,161.0
20160607,161.5,161.0,163.5,162.0
20160608,164.0,163.5,166.0,165.5
20160613,161.0,161.0,162.5,162.0
20160614,161.0,161.0,163.0,162.0
20160615,162.0,161.0,163.0,163.0
20160616,161.5,159.5,162.5,160.5
20160617,162.5,162.0,164.5,163.0
20160620,164.5,163.0,165.0,163.0
20160621,164.0,163.5,165.5,165.5
20160622,164.5,163.5,166.0,166.0
20160623,165.5,164.0,166.0,164.0
20160624,164.0,154.5,164.0,159.0
20160627,154.5,154.0,156.0,155.5
20160628,155.5,155.0,157.5,157.0
20160629,158.5,158.0,160.0,159.0
20160630,161.0,159.5,163.0,162.5
20160701,164.5,163.5,166.0,166.0
20160704,165.5,164.5,166.5,166.0
20160705,165.0,164.0,165.5,164.0
20160706,163.0,160.5,163.0,161.5
20160707,163.5,163.0,165.0,164.5
20160711,170.0,168.5,170.5,170.0
20160712,171.0,169.5,171.5,171.0
20160713,169.5,167.0,170.0,168.5
20160714,167.0,167.0,170.0,169.0
20160715,168.0,166.5,169.5,169.5
20160718,168.0,168.0,170.0,169.5
20160719,170.5,169.0,170.5,170.5
20160720,170.0,169.0,170.5,170.0
20160721,171.0,170.0,172.0,172.0
20160722,172.0,170.5,172.0,171.0
20160725,172.0,169.0,173.0,171.5
20160726,172.0,171.5,173.0,173.0
20160727,175.0,174.5,176.0,175.0
20160728,175.0,173.0,176.5,176.5
20160729,177.0,172.5,177.0,172.5
20160801,175.0,174.5,177.0,177.0
20160802,177.5,175.5,177.5,176.0
20160803,172.5,172.0,174.0,172.5
20160804,173.0,172.5,174.5,174.5
20160805,175.0,174.0,177.5,177.0
20160808,178.0,176.5,178.0,178.0
20160809,178.5,177.0,179.5,178.5
20160810,179.0,178.0,179.5,179.5
20160811,177.5,175.5,178.0,176.5
20160812,178.5,177.0,178.5,177.5
20160815,178.5,177.5,179.0,179.0
20160816,178.0,175.0,179.0,175.5
20160817,177.0,176.0,177.5,177.0
20160818,176.0,175.0,176.5,176.0
20160819,177.0,174.0,177.5,174.5
20160822,173.0,171.5,174.0,173.0
20160823,174.0,173.5,175.0,174.0
20160824,175.0,173.5,175.5,173.5
20160825,175.0,174.5,177.0,177.0
20160826,175.0,175.0,177.0,177.0
20160829,175.0,174.0,177.0,176.5
20160830,176.0,174.0,176.5,174.5
20160831,176.5,174.5,177.0,176.0
20160901,176.0,173.0,176.0,173.5
20160902,176.5,174.0,176.5,174.5
20160905,176.5,176.5,177.5,176.5
20160906,177.0,176.5,179.0,179.0
20160907,180.5,180.0,185.0,184.0
20160908,182.5,182.5,184.5,183.0
20160909,181.0,179.5,181.0,179.5
20160910,177.0,176.0,179.0,178.0
20160912,177.5,174.0,177.5,175.0
20160913,176.5,173.5,176.5,175.0
20160914,174.0,173.5,176.0,173.5
20160919,179.5,178.5,183.0,182.5
20160920,182.0,181.5,183.5,183.0
20160921,181.0,180.5,184.0,184.0
20160922,185.0,183.5,185.5,185.5
20160923,185.0,184.5,187.5,187.5
20160926,183.5,183.0,185.0,183.0
20160929,185.5,185.5,187.5,185.5
20160930,185.5,182.5,186.5,182.5
20161003,186.0,184.5,186.5,186.0
20161004,185.0,185.0,187.0,187.0
20161005,186.0,184.5,186.0,186.0
20161006,185.0,185.0,187.5,187.5
20161007,188.0,186.0,188.0,188.0
20161011,191.0,186.0,191.0,187.5
20161012,186.5,186.0,190.0,189.5
20161013,190.5,187.0,191.0,188.5
20161014,187.0,186.5,189.0,188.0
20161017,186.5,185.0,187.5,186.5
20161018,186.5,185.5,187.0,187.0
20161019,187.5,187.5,189.5,189.5
20161020,189.5,189.0,190.5,190.5
20161021,191.0,188.5,192.0,188.5
20161024,191.0,189.5,191.0,191.0
20161025,192.0,191.0,193.0,193.0
20161026,190.5,190.5,192.5,191.5
20161027,191.5,188.5,191.5,188.5
20161028,189.5,188.5,190.0,189.5
20161031,189.0,186.5,190.5,188.5
20161101,188.5,187.5,189.5,189.5
20161102,187.5,186.0,188.0,186.0
20161103,185.5,184.5,186.5,184.5
20161104,184.5,184.0,186.0,184.5
20161107,186.5,186.0,189.0,189.0
20161108,190.0,188.0,190.0,188.5
20161109,190.0,182.0,190.5,182.0
20161110,187.0,185.5,188.0,185.5
20161111,181.5,181.0,183.0,181.5
20161114,181.0,180.0,182.0,180.5
20161115,179.5,179.0,182.0,180.0
20161116,180.5,180.0,183.0,180.0
20161117,182.0,180.5,182.5,181.5
20161118,181.5,180.0,181.5,181.0
20161121,180.5,180.0,181.5,181.0
20161122,182.0,181.5,185.0,184.0
20161123,184.5,184.0,186.5,185.5
20161124,184.0,183.0,185.0,183.0
20161125,182.5,182.0,183.5,182.0
20161128,181.5,181.5,184.0,184.0
20161129,183.5,182.0,185.0,182.0
20161130,181.5,181.5,183.0,183.0
20161201,182.0,181.5,183.0,183.0
20161202,179.0,178.0,179.5,178.0
20161205,178.0,178.0,180.0,179.0
20161206,181.0,180.5,183.0,182.0
20161207,183.0,181.5,183.5,181.5
20161208,184.0,183.0,185.5,185.5
20161209,186.0,184.5,186.0,186.0
20161212,186.0,184.0,187.0,185.0
20161213,186.5,184.5,186.5,186.0
20161214,186.5,185.5,187.5,187.5
20161215,185.0,184.5,187.5,187.0
20161216,185.5,185.0,187.0,185.0
20161219,184.0,182.5,184.5,182.5
20161220,181.0,180.0,182.5,182.5
20161221,181.0,180.0,182.0,180.0
20161222,180.0,179.0,180.5,179.0
20161223,179.0,178.5,180.0,178.5
20161226,179.0,179.0,180.0,179.5
20161227,180.0,179.5,180.5,180.0
20161228,181.0,180.5,182.0,182.0
20161229,180.0,180.0,181.5,180.0
20161230,181.0,180.0,182.5,181.5
20170103,181.5,181.0,183.5,183.0
20170104,183.0,181.5,184.0,183.0
20170105,182.0,181.5,183.5,183.5
20170106,184.0,183.5,184.5,184.0
20170109,184.0,183.0,185.0,184.0
20170110,184.5,183.5,185.5,184.0
20170111,185.0,181.5,185.0,182.0
20170112,182.5,182.5,185.5,184.5
20170113,180.5,180.5,182.5,181.5
20170116,180.0,179.0,180.5,179.5
20170117,180.5,179.5,181.0,181.0
20170118,180.5,179.5,181.0,181.0
20170119,179.5,179.5,181.0,180.5
20170120,181.0,180.5,181.5,181.0
20170123,182.5,182.5,185.0,185.0
20170124,185.0,184.5,186.5,185.5
20170202,188.0,184.0,188.5,184.5
20170203,186.0,183.5,186.0,184.5
20170206,184.5,184.0,185.5,184.5
20170207,183.5,183.0,185.0,184.5
20170208,183.5,183.0,184.5,183.5
20170209,184.0,183.5,185.5,184.0
20170210,184.5,184.0,185.5,185.5
20170213,186.5,186.5,188.0,187.5
20170214,189.0,187.5,190.0,187.5
20170215,187.0,186.5,189.5,189.0
20170216,190.0,188.0,190.5,189.0
20170217,190.0,189.0,190.5,189.5
20170218,190.0,189.5,190.5,189.5
20170220,190.0,189.5,190.5,190.0
20170221,190.0,188.5,190.0,190.0
20170222,190.5,188.5,191.0,188.5
20170223,188.0,187.0,189.5,188.5
20170224,187.5,187.5,190.5,189.0
20170301,188.5,186.0,188.5,186.0
20170302,188.0,185.0,188.5,186.0
20170303,184.5,184.0,185.0,184.0
20170306,184.0,183.5,184.5,183.5
20170307,184.0,184.0,185.5,185.5
20170308,186.0,185.5,188.0,187.0
20170309,185.5,184.0,186.0,184.5
20170310,184.0,183.0,184.5,183.5
20170313,185.0,185.0,186.5,186.5
20170314,188.0,186.0,188.0,186.0
20170315,185.5,185.5,187.0,186.5
20170316,188.0,188.0,190.0,190.0
20170317,189.5,189.0,191.5,191.5
20170320,191.5,189.5,191.5,191.5
20170321,192.0,191.5,195.0,195.0
20170322,192.5,191.5,193.5,193.5
20170323,192.0,192.0,193.5,193.5
20170324,192.0,192.0,193.0,192.5
20170327,194.5,192.0,194.5,193.0
20170328,195.0,192.5,195.0,194.5
20170329,194.5,191.0,194.5,191.5
20170330,192.5,190.5,193.0,191.5
20170331,191.0,189.0,192.0,189.0
20170405,189.5,189.5,193.0,193.0
20170406,193.0,191.0,193.0,191.5
20170407,192.0,188.5,192.0,191.0
20170410,191.0,189.5,191.5,190.0
20170411,190.0,189.0,191.0,191.0
20170412,190.5,190.0,191.5,191.0
20170413,189.5,189.5,192.0,191.5
20170414,189.5,188.0,189.5,189.0
20170417,189.0,187.5,189.0,187.5
20170418,188.0,187.5,189.5,188.0
20170419,187.5,186.5,187.5,186.5
20170420,186.5,186.5,188.0,187.0
20170421,187.5,187.5,190.0,190.0
20170424,191.0,188.5,191.5,190.0
20170425,190.5,189.5,192.0,192.0
20170426,192.0,190.5,192.0,191.0
20170427,192.0,190.5,193.0,193.0
20170428,193.5,193.0,194.5,194.5
20170502,198.5,195.5,199.0,196.5
20170503,198.0,197.0,198.5,198.0
20170504,198.5,197.0,199.0,198.0
20170505,197.0,197.0,198.5,197.5
20170508,199.0,199.0,202.5,202.5
20170509,205.5,203.5,207.0,203.5
20170510,204.0,204.0,206.0,205.5
20170511,204.5,204.0,208.5,207.5
20170512,205.0,205.0,207.0,206.0
20170515,204.0,204.0,206.0,206.0
20170516,205.0,203.5,205.0,204.5
20170517,203.0,203.0,204.0,204.0
20170518,202.5,201.5,204.0,203.5
20170519,203.5,202.5,204.5,203.0
20170522,203.5,203.0,205.0,205.0
20170523,205.0,204.5,207.0,205.0
20170524,205.0,205.0,206.0,205.5
20170525,206.0,205.5,207.0,207.0
20170526,205.0,205.0,207.0,207.0
20170531,206.5,203.0,207.0,203.0
20170601,205.0,204.5,207.0,207.0
20170602,208.5,207.5,209.0,209.0
20170603,209.0,208.0,209.0,209.0
20170605,209.5,209.0,212.0,212.0
20170606,210.5,210.5,211.5,210.5
20170607,212.0,210.0,212.5,211.5
20170608,212.0,211.5,213.0,213.0
20170609,214.5,212.0,215.0,212.0
20170612,207.0,207.0,210.0,207.5
20170613,207.0,206.5,208.5,208.0
20170614,208.5,206.0,209.5,207.0
20170615,207.5,207.0,208.0,208.0
20170616,207.5,207.0,212.0,211.5
20170619,211.0,210.5,213.0,213.0
20170620,215.0,214.5,218.0,216.5
20170621,216.0,214.5,217.0,215.5
20170622,217.0,216.5,218.0,218.0
20170623,218.0,217.0,218.5,217.0
20170626,212.0,212.0,215.0,215.0
20170627,214.0,211.0,214.0,211.5
20170628,209.5,208.0,210.0,208.5
20170629,210.5,208.5,210.5,210.0
20170630,206.5,206.5,208.5,208.5
20170703,207.5,207.0,209.0,209.0
20170704,208.0,207.0,208.5,207.0
20170705,207.0,206.5,208.5,208.5
20170706,208.0,207.0,208.5,207.5
20170707,207.0,205.5,207.5,206.0
20170710,206.5,206.0,207.0,206.0
20170711,208.0,207.5,212.0,212.0
20170712,211.0,210.5,212.5,210.5
20170713,212.0,211.5,216.0,214.5
20170714,213.0,212.0,214.5,213.0
20170717,215.0,211.5,215.5,213.0
20170718,213.0,212.0,214.0,214.0
20170719,212.5,212.5,215.0,214.5
20170720,215.0,214.0,215.5,215.5
20170721,214.0,213.5,215.0,214.0
20170724,213.5,213.0,214.5,214.5
20170725,214.0,213.5,214.5,214.0
20170726,215.0,212.5,215.0,213.0
20170727,213.5,213.5,216.0,215.5
20170728,213.0,212.5,214.0,213.0
20170731,211.5,211.5,214.5,214.5
20170801,212.5,212.0,214.0,212.0
20170802,214.0,214.0,216.0,216.0
20170803,213.0,212.5,214.0,213.5
20170804,213.5,212.5,214.0,213.0
20170807,213.5,213.5,216.5,216.0
20170808,217.5,216.0,219.0,217.5
20170809,215.0,213.5,215.5,214.5
20170810,215.5,212.5,215.5,214.0
20170811,211.0,210.5,213.5,212.5
20170814,213.5,210.0,214.0,211.0
20170815,213.0,213.0,214.5,214.0
20170816,214.5,211.0,214.5,213.0
20170817,213.5,213.0,214.0,214.0
20170818,212.0,211.0,213.0,212.5
20170821,212.5,211.5,213.0,211.5
20170822,213.5,213.0,214.5,214.5
20170823,215.5,214.0,216.0,215.5
20170824,216.0,215.5,217.0,217.0
20170825,217.5,216.0,217.5,217.5
20170828,215.0,215.0,216.5,216.0
20170829,216.0,215.0,216.0,216.0
20170830,216.0,216.0,218.0,217.5
20170831,217.5,215.5,218.0,216.5
20170901,215.0,215.0,217.5,216.5
20170904,216.5,215.5,218.0,217.5
20170905,218.0,216.5,218.0,218.0
20170906,216.5,216.0,218.0,217.0
20170907,218.0,216.0,218.5,217.0
20170908,217.0,216.5,218.0,218.0
20170911,219.0,216.5,219.5,217.0
20170912,219.0,217.5,219.5,219.0
20170913,217.5,217.5,219.0,218.0
20170914,218.5,217.5,219.0,218.5
20170915,218.5,217.0,219.0,218.5
20170918,219.0,218.0,220.0,219.5
20170919,221.5,220.0,221.5,221.5
20170920,221.0,220.0,222.0,221.5
20170921,221.0,220.0,223.0,221.0
20170922,221.5,218.5,222.0,218.5
20170925,217.5,217.0,218.5,217.0
20170926,217.5,214.0,218.0,214.0
20170927,217.5,215.0,217.5,215.0
20170928,215.0,213.5,216.0,214.0
20170929,216.0,215.5,217.5,216.5
20170930,218.0,216.5,218.5,216.5
20171002,219.5,218.5,220.5,220.5
20171003,219.0,219.0,223.0,222.5
20171005,222.0,222.0,225.5,224.5
20171006,225.0,223.5,225.5,224.5
20171011,226.5,226.5,233.5,233.0
20171012,235.0,234.5,237.5,237.5
20171013,237.5,234.5,237.5,237.5
20171016,237.5,236.0,238.0,238.0
20171017,238.0,235.0,238.0,235.5
20171018,239.5,237.0,239.5,237.5
20171019,239.5,239.0,241.5,239.0
20171020,238.0,237.5,239.5,237.5
20171023,239.0,238.5,240.0,239.0
20171024,240.0,238.0,240.0,238.0
20171025,238.5,237.5,239.0,238.0
20171026,237.0,236.0,238.0,236.0
20171027,237.5,237.5,240.0,239.0
20171030,242.0,241.5,245.0,243.0
20171031,243.5,241.5,245.0,243.0
20171101,243.5,241.5,245.0,242.5
20171102,242.0,240.5,242.5,241.0
20171103,240.5,238.5,241.0,239.0
20171106,243.5,239.0,244.0,239.5
20171107,242.0,241.5,244.0,244.0
20171108,243.0,242.0,243.5,242.5
20171109,240.5,240.0,243.0,241.0
20171110,240.0,239.5,242.0,240.5
20171113,240.0,239.5,241.5,239.5
20171114,241.0,239.0,241.0,240.0
20171115,239.0,236.0,239.5,237.5
20171116,238.0,237.5,240.0,238.0
20171117,240.5,240.5,242.5,241.5
20171120,241.0,238.0,241.5,238.5
20171121,240.0,239.5,243.0,243.0
20171122,244.5,242.0,244.5,242.0
20171123,242.0,241.5,243.5,242.5
20171124,242.0,241.5,244.5,244.0
20171127,240.0,237.0,240.0,237.0
20171128,234.5,233.0,235.0,234.0
20171129,235.0,234.5,236.0,234.5
20171130,226.5,226.0,230.5,226.0
20171201,228.5,227.5,233.5,231.0
20171204,232.5,231.0,234.5,234.0
20171205,231.0,228.5,231.0,229.5
20171206,228.0,226.5,229.5,227.0
20171207,226.5,222.5,226.5,226.5
20171208,231.0,224.5,231.0,227.0
20171211,228.5,227.0,229.0,227.5
20171212,229.5,225.0,229.5,227.5
20171213,227.5,226.5,228.0,227.0
20171214,228.0,227.5,230.5,230.5
20171215,228.5,226.5,230.0,230.0
20171218,227.0,226.5,228.0,227.0
20171219,226.5,224.0,228.5,225.0
20171220,225.0,223.5,225.5,224.5
20171221,226.5,224.5,227.0,225.0
20171222,225.0,224.0,227.5,227.5
20171225,228.0,226.5,229.5,228.5
20171226,229.0,225.0,229.0,226.0
20171227,225.0,225.0,226.0,225.0
20171228,226.5,225.0,228.0,226.0
20171229,227.5,226.5,230.0,229.5
20180102,231.5,231.0,232.5,232.5
20180103,236.0,235.5,238.0,237.0
20180104,240.0,236.5,240.0,239.5
20180105,240.0,238.0,240.0,240.0
20180108,242.0,240.5,242.5,242.0
20180109,242.0,239.5,242.0,242.0
20180110,241.5,236.0,242.0,236.5
20180111,235.0,232.5,236.0,235.0
20180112,234.5,233.5,238.0,237.0
20180115,240.0,238.0,240.0,240.0
20180116,240.0,238.0,240.5,240.5
20180117,240.5,239.0,243.0,242.0
20180118,245.0,245.0,250.0,248.5
20180119,253.5,251.5,255.5,255.5
20180122,257.5,257.0,262.0,261.5
20180123,262.5,262.5,266.0,266.0
20180124,263.0,256.5,263.0,258.0
20180125,258.0,256.5,264.0,258.0
20180126,256.5,253.5,257.5,255.0
20180129,259.0,255.0,261.5,258.5
20180130,256.0,252.5,257.5,253.0
20180131,253.0,252.0,257.5,255.0
20180201,257.5,257.0,261.0,259.5
20180202,259.0,255.0,260.0,259.5
20180205,251.0,250.5,254.5,253.0
20180206,242.5,234.0,243.5,239.0
20180207,245.0,239.5,245.5,240.0
20180208,239.5,238.0,242.0,238.5
20180209,230.0,228.5,233.0,232.5
20180212,235.5,235.0,237.5,236.5
20180221,244.5,242.0,244.5,242.5
20180222,244.0,239.0,244.0,239.5
20180223,241.0,241.0,245.0,245.0
20180226,247.0,245.0,247.5,246.5
20180227,250.5,246.0,250.5,246.0
20180301,244.0,242.0,245.0,243.0
20180302,240.0,238.5,241.0,240.0
20180305,242.5,240.5,243.0,241.5
20180306,245.5,245.5,250.0,250.0
20180307,248.0,246.0,248.5,247.0
20180308,249.5,249.0,251.5,249.5
20180309,250.0,248.5,251.0,250.5
20180312,252.0,251.5,255.0,254.0
20180313,255.5,255.0,259.0,259.0
20180314,256.5,255.5,257.5,257.0
20180315,258.0,255.0,258.0,255.0
20180316,253.0,249.5,256.0,255.0
20180319,252.5,251.0,255.5,255.0
20180320,253.0,251.5,254.0,253.0
20180321,255.0,251.0,255.0,252.5
20180322,254.5,249.5,254.5,251.5
20180323,245.0,244.0,247.0,245.0
20180326,241.5,241.5,244.5,243.5
20180327,248.0,247.0,251.0,251.0
20180328,247.5,244.0,248.0,245.0
20180329,243.0,242.5,247.0,244.0
20180330,247.5,246.0,249.5,246.0
20180331,247.5,246.5,249.0,247.5
20180402,248.5,245.0,249.0,246.5
20180403,243.0,242.0,244.5,244.0
20180409,248.0,243.5,248.0,245.0
20180410,244.5,243.5,249.0,245.5
20180411,246.5,246.5,248.5,248.0
20180412,248.5,244.0,248.5,245.0
20180413,246.0,244.0,246.0,244.5
20180416,243.0,242.0,244.0,243.5
20180417,243.0,237.5,243.5,238.0
20180418,239.5,236.5,241.5,238.0
20180419,242.0,241.0,244.5,244.5
20180420,228.0,228.0,231.5,229.0
20180423,226.5,225.0,227.5,226.5
20180424,225.0,225.0,227.5,227.0
20180425,225.5,224.0,226.0,225.0
20180426,225.0,221.0,225.5,222.0
20180427,225.0,221.0,225.5,223.5
20180430,224.5,222.5,228.0,227.0
20180502,227.0,222.5,227.5,223.0
20180503,221.0,220.0,222.5,220.5
20180504,221.0,220.5,224.0,223.0
20180507,225.0,221.5,225.5,223.5
20180508,224.0,223.5,228.5,228.0
20180509,228.5,228.5,232.0,229.5
20180510,231.0,229.0,231.5,229.5
20180511,232.0,230.5,234.0,233.0
20180514,234.5,232.5,234.5,233.0
20180515,233.5,229.5,234.0,230.5
20180516,229.5,228.5,230.5,230.5
20180517,231.0,226.5,231.5,226.5
20180518,225.5,223.5,227.5,223.5
20180521,225.0,225.0,230.0,229.0
20180522,230.0,229.0,233.5,229.0
20180523,231.5,228.5,231.5,228.5
20180524,229.5,228.5,230.0,229.0
20180525,228.5,228.0,229.5,228.5
20180528,229.5,226.5,230.0,227.0
20180529,226.5,223.5,226.5,225.0
20180530,224.0,220.5,224.0,221.0
20180531,221.5,220.5,224.0,224.0
20180601,224.5,224.0,226.5,224.0
20180604,227.5,227.0,229.0,229.0
20180605,230.0,226.5,230.0,229.0
20180606,229.0,227.0,230.0,230.0
20180607,231.0,228.0,231.5,230.0
20180608,229.0,226.0,229.0,227.0
20180611,226.5,225.0,227.0,226.0
20180612,225.0,224.0,229.0,229.0
20180613,229.0,228.0,232.0,232.0
20180614,230.0,226.5,230.0,226.5
20180615,225.0,224.0,231.0,231.0
20180619,225.5,224.0,226.0,225.0
20180620,224.5,223.5,227.5,226.0
20180621,227.5,226.0,228.0,226.5
20180622,224.5,224.0,227.5,227.5
20180625,220.0,218.0,220.5,218.0
20180626,215.5,212.5,216.0,214.5
20180627,216.0,212.5,216.0,213.0
20180628,211.0,210.0,214.5,212.0
20180629,212.0,212.0,217.0,216.5
20180702,218.5,214.0,219.0,214.0
20180703,215.5,213.5,218.0,214.5
20180704,217.0,215.5,217.5,216.0
20180705,214.0,213.0,215.0,214.5
20180706,217.5,215.0,217.5,217.0
20180709,219.5,218.5,223.0,221.5
20180710,223.0,222.0,224.0,222.0
20180711,220.0,218.0,220.0,220.0
20180712,218.0,218.0,222.0,220.5
20180713,222.5,222.5,224.5,224.5
20180716,224.5,223.5,225.0,223.5
20180717,222.5,221.0,223.5,221.5
20180718,223.0,222.0,224.0,223.0
20180719,225.5,224.5,227.0,224.5
20180720,235.0,233.0,237.5,237.5
20180723,239.0,238.5,245.0,241.0
20180724,240.0,238.5,241.5,241.0
20180725,239.0,239.0,241.0,240.5
20180726,241.0,239.5,242.5,241.0
20180727,242.0,241.0,244.5,244.5
20180730,244.5,244.0,245.5,245.5
20180731,243.5,242.0,246.0,246.0
20180801,247.0,246.5,248.0,248.0
20180802,249.0,243.5,249.5,244.5
20180803,246.0,245.0,248.0,247.0
20180806,245.0,244.0,247.0,245.5
20180807,245.0,241.5,245.5,241.5
